symbol,close,prior_52w_high,ratio
ENGINERSIN.NS,315.6499938964844,260.2080383300781,1.2130678049848607
WELCORP.NS,2832.39990234375,2409.199951171875,1.175659953407364
WELSPUNLIV.NS,224.67999267578125,192.2899932861328,1.1684434995088446
SYRMA.NS,1732.5999755859375,1514.8504638671875,1.1437432386315334
REDINGTON.NS,407.25,365.1000061035156,1.1154478038670141
FINCABLES.NS,1460.9000244140625,1319.9508056640625,1.106783690835424
ACMESOLAR.NS,442.8999938964844,409.1499938964844,1.0824880862849011
GRAPHITE.NS,820.7000122070312,766.0405883789062,1.071353169345498
SAILIFE.NS,1592.199951171875,1488.199951171875,1.0698830825240289
CAPLIPOINT.NS,2835.10009765625,2667.384521484375,1.0628764150129142
DIVISLAB.NS,9619.5,9060.0,1.0617549668874173
RBLBANK.NS,415.04998779296875,392.5,1.0574521981986464
WOCKPHARMA.NS,2265.60009765625,2152.89990234375,1.0523480888218766
CASTROLIND.NS,201.6699981689453,192.8262939453125,1.0458635803379646
INDGN.NS,608.9500122070312,583.9859008789062,1.0427477980042903
LAURUSLABS.NS,2007.0,1929.4000244140625,1.0402197442749095
ACE.NS,1226.5999755859375,1182.6279296875,1.0371816399685883
CARBORUNIV.NS,1278.5,1238.746337890625,1.0320918503598313
JSWINFRA.NS,362.04998779296875,351.20001220703125,1.0308940068588082
LENSKART.NS,680.25,661.4000244140625,1.0285001132297158
AUROPHARMA.NS,1712.0,1667.0,1.0269946010797841
SHYAMMETL.NS,1085.5999755859375,1057.989990234375,1.0260966413731818
SPLPETRO.NS,880.0,857.7704467773438,1.025915503741325
JYOTICNC.NS,1065.0999755859375,1041.75,1.0224141834278258
ABDL.NS,715.0499877929688,702.7000122070312,1.0175750325478847
PTCIL.NS,21810.0,21672.0,1.0063676633444076
IPCALAB.NS,1970.800048828125,1959.800048828125,1.00561281749461
USHAMART.NS,518.7999877929688,516.37060546875,1.0047047262150282
VIJAYA.NS,1513.5999755859375,1508.50732421875,1.0033759540211877
SONACOMS.NS,824.5,824.0,1.0006067961165048
PVRINOX.NS,1254.5999755859375,1255.300048828125,0.9994423060503813
ZYDUSLIFE.NS,1203.9000244140625,1205.0,0.9990871571900933
LGEINDIA.NS,1725.4000244140625,1729.699951171875,0.9975140620459061
TEGA.NS,2091.60009765625,2106.449951171875,0.9929502936885048
NAVINFLUOR.NS,8584.5,8650.0,0.9924277456647399
LALPATHLAB.NS,1952.300048828125,1968.4000244140625,0.9918207806410031
MEDANTA.NS,1495.4000244140625,1508.9000244140625,0.9910530851735904
APARINDS.NS,17776.0,17937.72265625,0.9909842146994255
BOSCHLTD.NS,48250.0,48895.0,0.9868084671234277
CRAFTSMAN.NS,10735.0,10898.0,0.985043127179299
APOLLOHOSP.NS,8889.0,9039.4765625,0.9833533986775023
GLAND.NS,2917.199951171875,2970.199951171875,0.9821560834720608
CGCL.NS,253.6999969482422,258.6994323730469,0.9806747336901943
TBOTEK.NS,1696.9000244140625,1730.699951171875,0.9804703716927211
APLAPOLLO.NS,2214.699951171875,2272.047607421875,0.9747594830043754
PAYTM.NS,1674.0,1718.0,0.9743888242142026
KPIL.NS,1391.199951171875,1428.2589111328125,0.9740530518156932
TORNTPHARM.NS,4988.5,5122.7998046875,0.9737839053236841
LICHSGFIN.NS,566.0,581.76904296875,0.9728946681516757
EMCURE.NS,1950.5999755859375,2005.6993408203125,0.9725286018133507
MOTHERSON.NS,165.7100067138672,170.39999389648438,0.972476600055125
THELEELA.NS,546.1500244140625,561.7000122070312,0.9723162053497743
KAJARIACER.NS,1218.0999755859375,1254.609619140625,0.9708995985701946
PPLPHARMA.NS,210.30999755859375,216.66000366210938,0.9706913782138639
GLENMARK.NS,2380.0,2457.5546875,0.9684423350192487
MCX.NS,3324.89990234375,3433.28759765625,0.9684303478140045
NYKAA.NS,333.70001220703125,344.8999938964844,0.9675268718827098
ANANDRATHI.NS,2126.800048828125,2198.800048828125,0.9672548670178659
IDFCFIRSTB.NS,83.80000305175781,86.75,0.9659942714900036
GRANULES.NS,868.6500244140625,901.3723754882812,0.9636971889043163
AEGISLOG.NS,1365.4000244140625,1417.9000244140625,0.9629734120205723
RADICO.NS,4557.10009765625,4732.89990234375,0.9628557949006182
PIRAMALFIN.NS,2142.699951171875,2228.699951171875,0.9614124817677766
BHEL.NS,418.95001220703125,435.95001220703125,0.9610047034660324
CANHLIFE.NS,150.6999969482422,156.88999938964844,0.9605455894863452
SOLARINDS.NS,19745.0,20580.0,0.9594266277939747
CUB.NS,225.57000732421875,235.9296875,0.9560899677969469
CHENNPETRO.NS,1376.4000244140625,1440.300048828125,0.9556342274194508
GAIL.NS,172.6999969482422,180.9146728515625,0.9545936447616921
AJANTPHARM.NS,3547.800048828125,3718.199951171875,0.9541713989076772
ATHERENERG.NS,1497.0,1569.4000244140625,0.9538677053091718
OBEROIRLTY.NS,1858.5,1951.2899169921875,0.9524468833748609
JSWSTEEL.NS,1277.0,1341.0,0.9522744220730798
BELRISE.NS,247.9199981689453,260.7195739746094,0.9509067324307972
MOTILALOFS.NS,1029.0,1082.5621337890625,0.9505228086986653
TITAN.NS,4884.0,5139.2998046875,0.9503240101979177
ADANIPORTS.NS,1788.0,1883.199951171875,0.9494477731307108
AEGISVOPAK.NS,287.5,303.489990234375,0.9473129567732153
BAJAJ-AUTO.NS,11281.0,11927.0,0.9458371761549426
CPPLUS.NS,3687.5,3899.10009765625,0.9457310424568369
ELGIEQUIP.NS,603.0,637.7999877929688,0.9454374592991293
ETERNAL.NS,335.0,354.3500061035156,0.9453929567652867
ANTHEM.NS,873.5999755859375,924.5999755859375,0.944841010873183
GRASIM.NS,3191.0,3380.5,0.9439432036680965
SIEMENS.NS,3877.0,4114.0,0.9423918327661643
IKS.NS,1815.800048828125,1928.0999755859375,0.9417561702298735
HAL.NS,4800.0,5099.0,0.9413610511865071
IDEA.NS,14.260000228881836,15.1899995803833,0.9387755512052491
FLUOROCHEM.NS,4441.39990234375,4734.66455078125,0.9380601000784502
RKFORGE.NS,704.5,755.0,0.9331125827814569
HONASA.NS,465.5,499.68890380859375,0.9315796217446328
TVSMOTOR.NS,4157.2998046875,4466.2001953125,0.9308359730606778
MANKIND.NS,2474.89990234375,2660.60009765625,0.9302036426007482
SUNPHARMA.NS,1852.199951171875,2001.0999755859375,0.9255909118831189
KARURVYSYA.NS,327.95001220703125,354.3500061035156,0.9254974080943794
NEULANDLAB.NS,21890.0,23661.0,0.9251510925151093
MARICO.NS,819.0,885.3499755859375,0.9250579122205023
NAM-INDIA.NS,1157.0,1251.0,0.9248601119104716
PNBHOUSING.NS,1094.9000244140625,1185.0,0.9239662653283228
INDHOTEL.NS,726.7999877929688,787.343505859375,0.9231040611679094
MEESHO.NS,217.05999755859375,235.57000732421875,0.9214245906094939
SCHAEFFLER.NS,4007.699951171875,4355.0,0.9202525720256889
JINDALSAW.NS,285.5,310.25,0.9202256244963739
PHOENIXLTD.NS,1978.4000244140625,2151.15087890625,0.9196937526855288
BEML.NS,2036.5,2216.28369140625,0.9188805602354201
CARTRADE.NS,3002.60009765625,3268.0,0.9187882795765759
OIL.NS,475.1499938964844,517.2422485351562,0.9186217777881094
ABCAPITAL.NS,390.0,424.70001220703125,0.91829524085317
GLAXO.NS,2815.699951171875,3069.10009765625,0.9174350335859405
UNIONBANK.NS,180.1999969482422,196.4693145751953,0.9171915590883465
KIMS.NS,780.1500244140625,850.6500244140625,0.9171222030487083
UNITDSPR.NS,1423.800048828125,1556.0,0.9150385917918541
ABB.NS,7052.5,7710.0,0.9147211413748378
3MINDIA.NS,33925.0,37097.73828125,0.9144762341791178
STARHEALTH.NS,558.1500244140625,610.4000244140625,0.9144003966085092
JUBLPHARMA.NS,1071.949951171875,1175.1163330078125,0.9122075160236484
MINDACORP.NS,678.8499755859375,745.25,0.9109023489915297
DATAPATTNS.NS,4418.7998046875,4855.61572265625,0.9100390263729949
KPRMILL.NS,1106.4000244140625,1215.7786865234375,0.9100340684354755
KOTAKBANK.NS,404.0,444.35284423828125,0.9091873839415725
ICICIBANK.NS,1326.800048828125,1460.0,0.9087671567315925
EICHERMOT.NS,7360.0,8105.1240234375,0.9080675358843575
ADANIENT.NS,2916.5,3212.10009765625,0.9079729495752831
COALINDIA.NS,426.1000061035156,469.35980224609375,0.9078323368648936
CGPOWER.NS,886.0,976.5,0.9073220686123912
KALYANKJIL.NS,573.0,632.0211181640625,0.9066152752371456
PNB.NS,116.5999984741211,128.61996459960938,0.9065466534460173
COFORGE.NS,1784.0,1968.599365234375,0.9062280682934197
LICI.NS,409.04998779296875,451.49151611328125,0.9059970634981683
JINDALSTEL.NS,1164.800048828125,1286.496337890625,0.9054048694285157
OFSS.NS,10770.0,11896.0,0.9053463349024883
URBANCO.NS,168.99000549316406,186.72999572753906,0.9049965691625692
MAHABANK.NS,84.87999725341797,93.8499984741211,0.904421935359151
ALKEM.NS,5274.0,5832.458984375,0.9042498222668867
ICICIAMC.NS,3184.60009765625,3524.81494140625,0.9034800835205639
PFOCUS.NS,315.45001220703125,349.5,0.9025751422232654
AARTIIND.NS,489.25,542.0724487304688,0.9025546329569438
ASAHIINDIA.NS,959.9500122070312,1064.2152099609375,0.9020262097572037
AUBANK.NS,1018.0,1128.5999755859375,0.9020025004621172
MANAPPURAM.NS,334.0,370.7845458984375,0.9007926670479054
CRISIL.NS,4520.0,5017.806640625,0.9007919841719937
TECHM.NS,1548.0,1723.6082763671875,0.8981159009416494
LTFOODS.NS,422.3500061035156,470.3643493652344,0.89792095568783
SAIL.NS,185.0,206.05999755859375,0.8977967688628877
PETRONET.NS,286.5,319.71173095703125,0.8961197612060883
NH.NS,1861.4000244140625,2080.300048828125,0.8947747828312683
JSWDULUX.NS,3199.60009765625,3578.16015625,0.8942025951710082
BALRAMCHIN.NS,685.7999877929688,767.0999755859375,0.894016438038772
UNOMINDA.NS,1218.0,1363.1883544921875,0.8934935484052952
SAREGAMA.NS,496.8999938964844,557.25,0.8917003030892496
PIDILITIND.NS,1517.199951171875,1701.5,0.8916837797072437
NAUKRI.NS,1254.800048828125,1407.7593994140625,0.8913455306001847
LODHA.NS,1165.0,1311.74169921875,0.8881321686227199
360ONE.NS,1073.0,1210.0,0.8867768595041322
BHARATFORG.NS,2008.0,2265.199951171875,0.8864559611884083
ACUTAAS.NS,3272.5,3692.038330078125,0.886366745799942
TATACAP.NS,339.1499938964844,382.70001220703125,0.886203248180229
LT.NS,3876.199951171875,4375.3642578125,0.8859147999508077
IIFL.NS,616.9500122070312,696.4000244140625,0.8859132547074808
NESTLEIND.NS,1362.5999755859375,1540.0,0.8848051789519075
EMMVEE.NS,321.8999938964844,364.2275695800781,0.8837881060667822
TMCV.NS,441.5,499.6596984863281,0.8836013817754015
CHOICEIN.NS,751.0499877929688,850.2999877929688,0.8832764889746589
YESBANK.NS,22.5,25.479999542236328,0.8830455417671181
GESHIP.NS,1497.199951171875,1701.296875,0.880034503779286
DLF.NS,683.0,776.994873046875,0.8790276791939599
DRREDDY.NS,1201.0,1367.03076171875,0.8785464333589672
ZFCVINDIA.NS,2354.199951171875,2681.352294921875,0.8779897947876588
NHPC.NS,76.0,86.8001708984375,0.8755743129691014
GABRIEL.NS,1386.699951171875,1584.4217529296875,0.8752088568638915
LLOYDSME.NS,1838.0,2101.199951171875,0.8747382651398389
NIVABUPA.NS,77.19000244140625,88.36000061035156,0.8735853543256232
BANDHANBNK.NS,187.6999969482422,214.87745666503906,0.8735211215797181
ENDURANCE.NS,2645.89990234375,3029.5,0.8733784130528965
ASTERDM.NS,759.4000244140625,869.7000122070312,0.8731746737440405
HEROMOTOCO.NS,5360.0,6138.78857421875,0.8731364397383792
ULTRACEMCO.NS,11155.0,12790.9169921875,0.8721032281589589
CYIENT.NS,1094.699951171875,1255.401123046875,0.8719921713269013
AXISBANK.NS,1222.4000244140625,1401.9188232421875,0.8719477933729746
SHRIRAMFIN.NS,994.0999755859375,1141.0,0.871253265193635
FEDERALBNK.NS,322.0,370.4344787597656,0.8692495392925441
JSL.NS,748.25,860.9695434570312,0.8690783613501227
IGIL.NS,330.54998779296875,380.4730224609375,0.8687869264815109
ANURAS.NS,1192.4000244140625,1374.2528076171875,0.8676715214295695
TATASTEEL.NS,187.97000122070312,216.66183471679688,0.8675731998042137
ABSLAMC.NS,1014.5,1169.6888427734375,0.8673246789244644
BIOCON.NS,382.1499938964844,440.70001220703125,0.8671431434337212
RRKABEL.NS,2528.300048828125,2919.300048828125,0.8660637846538054
PWL.NS,134.36000061035156,155.24000549316406,0.8654985561454909
ZYDUSWELL.NS,520.5999755859375,602.5,0.8640663495202282
EXIDEIND.NS,423.6499938964844,490.6499938964844,0.8634464468899282
TITAGARH.NS,822.5999755859375,954.2056274414062,0.8620783109314138
JUBLINGREA.NS,656.0999755859375,761.237060546875,0.8618865391479933
CONCORDBIO.NS,1453.5999755859375,1688.788330078125,0.8607354454650291
BAJFINANCE.NS,996.9000244140625,1158.800048828125,0.8602864880979344
HFCL.NS,211.27000427246094,245.61056518554688,0.8601828838790249
RAINBOW.NS,1374.199951171875,1598.5999755859375,0.8596271563611073
ATUL.NS,6070.5,7073.12255859375,0.8582489487085762
CHOLAFIN.NS,1662.699951171875,1940.0,0.8570618305009665
INDIANB.NS,832.0,970.867919921875,0.8569651781953517
GICRE.NS,337.5,394.12078857421875,0.8563364577162967
TRAVELFOOD.NS,1213.300048828125,1417.296875,0.8560662696925265
ENRIN.NS,3313.0,3872.10009765625,0.855608046394599
HINDALCO.NS,977.0,1143.7333984375,0.8542200493005789
INDUSINDBK.NS,912.2000122070312,1069.300048828125,0.8530814276186894
CAMS.NS,707.3499755859375,829.3479614257812,0.8528989139490862
GMRAIRPORT.NS,97.94999694824219,114.9800033569336,0.8518872333319996
TIMKEN.NS,3206.10009765625,3764.059814453125,0.8517665116121593
CCL.NS,1044.4000244140625,1226.283447265625,0.8516791340068013
POONAWALLA.NS,461.54998779296875,542.5,0.8507833876368087
DEEPAKNTR.NS,1587.0999755859375,1867.37109375,0.8499113973103063
CIPLA.NS,1399.699951171875,1648.137939453125,0.8492614105081003
NUVAMA.NS,1681.4000244140625,1980.0999755859375,0.8491490556766025
HOMEFIRST.NS,1123.0999755859375,1324.2115478515625,0.8481273082145266
HSCL.NS,678.75,800.9000244140625,0.8474840545754417
ABBOTINDIA.NS,26955.0,31830.16796875,0.8468381325057314
PCBL.NS,339.6000061035156,401.2002258300781,0.8464601568976876
LTF.NS,284.0,335.6000061035156,0.846245515002763
HONAUT.NS,33865.0,40105.0,0.8444084278768234
GROWW.NS,187.05999755859375,221.55999755859375,0.8442859704813089
JSWENERGY.NS,506.54998779296875,600.0093383789062,0.8442368399824506
ONESOURCE.NS,1602.5999755859375,1899.0,0.8439178386445169
POWERGRID.NS,269.5,319.41131591796875,0.8437396753633268
ZENTEC.NS,1682.4000244140625,1995.9539794921875,0.8429052181063315
BEL.NS,393.54998779296875,467.81494140625,0.8412514286310714
ANANTRAJ.NS,617.4000244140625,734.3932495117188,0.8406940352795421
NIACL.NS,176.60000610351562,210.37725830078125,0.8394443749762462
MAXHEALTH.NS,1014.0,1208.8516845703125,0.8388125796924601
VTL.NS,554.0,660.6474609375,0.8385712997577246
AIIL.NS,559.5999755859375,667.9000244140625,0.8378499103617569
BHARTIARTL.NS,1785.4000244140625,2135.820068359375,0.8359318515934319
KIRLOSENG.NS,2137.199951171875,2558.19140625,0.8354339499188422
POLYCAB.NS,8408.5,10083.0,0.8339283943270852
NMDC.NS,79.9000015258789,96.04000091552734,0.8319450308643324
CONCOR.NS,461.5,554.7691650390625,0.8318775250738832
LUPIN.NS,2092.0,2514.800048828125,0.8318752820825075
ASIANPAINT.NS,2444.0,2942.966796875,0.8304544932668525
CHALET.NS,881.3499755859375,1062.207275390625,0.8297344557933125
RECLTD.NS,312.95001220703125,377.3088073730469,0.8294267350552891
PRESTIGE.NS,1477.800048828125,1782.5560302734375,0.8290342764717673
CUMMINSIND.NS,4945.0,5977.91748046875,0.8272111510666496
SBILIFE.NS,1742.0,2106.671630859375,0.8268967856606042
HDFCAMC.NS,2378.0,2878.784912109375,0.8260429565255591
DEEPAKFERT.NS,1363.800048828125,1653.0250244140625,0.8250329115928192
HINDZINC.NS,588.9500122070312,714.1517944335938,0.8246846353920286
PERSISTENT.NS,5372.0,6517.40380859375,0.8242545893683252
POLYMED.NS,1724.4000244140625,2093.03076171875,0.8238770571140692
PGEL.NS,518.5,630.3521728515625,0.8225560604549517
HDBFS.NS,648.1500244140625,788.6656494140625,0.8218311839695367
SAGILITY.NS,44.689998626708984,54.40089797973633,0.8214937673153018
IFCI.NS,73.94999694824219,90.06999969482422,0.8210280581636512
COROMANDEL.NS,1963.9000244140625,2396.4111328125,0.8195171510946748
BAJAJHLDNG.NS,10940.0,13351.5146484375,0.8193826908829618
NATIONALUM.NS,358.70001220703125,438.1979064941406,0.8185799313302461
PAGEIND.NS,37695.0,46095.3828125,0.8177608623694517
SBIN.NS,983.0,1206.0606689453125,0.8150502087590861
ADANIPOWER.NS,202.75,248.91000366210938,0.8145514323129789
BAJAJFINSV.NS,1771.0,2174.744384765625,0.814348579265725
ANGELONE.NS,288.0,353.7060852050781,0.814235355416682
INDUSTOWER.NS,374.6499938964844,460.4222717285156,0.8137095377466749
DELHIVERY.NS,422.70001220703125,520.2999877929688,0.8124159564178709
CANBK.NS,124.98999786376953,153.85467529296875,0.8123899883169924
SUNDARMFIN.NS,4508.0,5552.22265625,0.8119270928238902
NETWEB.NS,4545.0,5601.0,0.8114622388859132
TATACOMM.NS,1666.5,2061.699951171875,0.8083135468149755
ADANIGREEN.NS,1296.5999755859375,1604.5,0.808102197311273
M&MFIN.NS,333.1000061035156,412.29998779296875,0.8079069026574349
INDIGO.NS,4940.0,6116.0,0.8077174623937214
POWERINDIA.NS,31035.0,38435.82421875,0.8074498369898444
BALKRISIND.NS,2185.300048828125,2706.883056640625,0.807312323104268
MGL.NS,1071.300048828125,1327.5087890625,0.8070003435417462
M&M.NS,3035.0,3762.884033203125,0.8065621935780148
SCHNEIDER.NS,1209.5,1501.0,0.8057961359093937
NTPC.NS,326.6000061035156,405.8161926269531,0.8047978667123886
CREDITACC.NS,1298.800048828125,1614.0,0.8047088282702137
BANKINDIA.NS,137.94000244140625,171.59469604492188,0.8038710147852989
CDSL.NS,1318.0,1640.3372802734375,0.8034932911969755
NSLNISP.NS,42.16999816894531,52.54999923706055,0.802473811249938
ASTRAL.NS,1399.0,1743.5577392578125,0.8023823751288662
PREMIERENE.NS,896.4000244140625,1117.199951171875,0.8023631074041788
TATAPOWER.NS,367.5,458.9560241699219,0.8007303110677515
VBL.NS,434.79998779296875,543.447265625,0.8000776069650847
CANFINHOME.NS,753.25,941.5863037109375,0.7999797756523487
TATATECH.NS,703.0499877929688,879.1500244140625,0.7996928490806092
SRF.NS,2540.0,3178.083740234375,0.7992237485261109
SCI.NS,274.3999938964844,343.5313415527344,0.798762618444705
AADHARHFC.NS,444.5,556.5,0.7987421383647799
GRAVITA.NS,1495.4000244140625,1875.4000244140625,0.7973765623050343
CIEINDIA.NS,390.79998779296875,490.2025146484375,0.7972215076726848
TEJASNET.NS,503.8500061035156,632.3499755859375,0.7967897929254233
BRITANNIA.NS,4937.5,6197.2880859375,0.7967194572096571
MRPL.NS,164.60000610351562,206.77000427246094,0.7960535991798022
KEI.NS,4673.5,5873.0,0.7957602588115102
SUNTV.NS,513.2000122070312,645.7684936523438,0.7947120636134934
BPCL.NS,308.5,388.29998779296875,0.7944888222980939
DMART.NS,3834.199951171875,4829.2998046875,0.7939453142772905
FIVESTAR.NS,520.9500122070312,657.613037109375,0.7921832184120556
JBMA.NS,586.5999755859375,740.6754760742188,0.7919797462379566
TENNIND.NS,515.25,651.3499755859375,0.7910493886738761
SARDAEN.NS,493.1499938964844,623.7569580078125,0.7906124133212599
RHIM.NS,386.45001220703125,488.8017272949219,0.7906068874708865
AMBER.NS,6960.0,8842.5,0.7871077184054284
CEATLTD.NS,3352.199951171875,4259.22607421875,0.7870443814811482
NTPCGREEN.NS,93.47000122070312,118.86000061035156,0.7863873526899745
ONGC.NS,235.86000061035156,300.12286376953125,0.7858781488619672
LINDEINDIA.NS,6142.5,7834.2138671875,0.7840608010111896
CENTRALBK.NS,31.18000030517578,39.7884407043457,0.7836446905990536
BERGEPAINT.NS,458.3500061035156,585.6781005859375,0.7825971393585702
BHARTIHEXA.NS,1481.800048828125,1893.46728515625,0.78258550355986
IOB.NS,31.979999542236328,40.880001068115234,0.7822895965425855
TATACONSUM.NS,983.2000122070312,1260.33544921875,0.7801097817382603
BLUESTARCO.NS,1565.0,2006.8577880859375,0.7798260590714979
MFSL.NS,1458.0,1870.0,0.7796791443850267
GODREJIND.NS,1105.300048828125,1417.699951171875,0.7796431451623319
IRB.NS,17.68000030517578,22.73057746887207,0.7778069135897361
TRIDENT.NS,23.1200008392334,29.733381271362305,0.7775772499006501
DOMS.NS,2083.0,2684.481201171875,0.7759413621859947
GVT&D.NS,4280.0,5519.83740234375,0.7753851586611393
SUPREMEIND.NS,3550.0,4585.21533203125,0.7742275428594431
AIAENG.NS,3919.39990234375,5062.3701171875,0.7742223131882049
RELIANCE.NS,1226.0,1584.9718017578125,0.7735153386579529
FACT.NS,777.9000244140625,1006.7528686523438,0.7726822029872857
BLUEJET.NS,570.6500244140625,740.8951416015625,0.770216988034922
COLPAL.NS,1855.800048828125,2409.821044921875,0.7700986978841364
ADANIENSOL.NS,1338.5,1741.5999755859375,0.7685461752201047
BRIGADE.NS,597.9000244140625,778.3576049804688,0.7681559486131899
ECLERX.NS,1898.800048828125,2472.12939453125,0.7680827925223404
MMTC.NS,58.349998474121094,76.02999877929688,0.7674602053263471
KFINTECH.NS,888.7999877929688,1159.1055908203125,0.7667981198882448
CEMPRO.NS,1257.199951171875,1639.5999755859375,0.7667723651450985
MRF.NS,124035.0,162005.796875,0.7656207518037308
MPHASIS.NS,2234.0,2922.255615234375,0.7644779561218588
FORTIS.NS,837.8499755859375,1096.736572265625,0.7639482413312043
ASHOKLEY.NS,159.0800018310547,208.36549377441406,0.7634661524296432
ICICIGI.NS,1553.699951171875,2035.172607421875,0.763424166336475
NAVA.NS,551.4500122070312,723.6393432617188,0.7620508991695166
ARE&M.NS,791.9500122070312,1039.579345703125,0.7617985250287862
HYUNDAI.NS,2115.0,2782.7255859375,0.7600461974001855
J&KBANK.NS,146.10000610351562,192.64999389648438,0.7583701569283142
RITES.NS,199.30999755859375,263.3201904296875,0.756911185706491
ATGL.NS,611.6500244140625,808.2677001953125,0.756741886711867
APOLLOTYRE.NS,400.1000061035156,530.154052734375,0.7546863105920255
GPIL.NS,229.4199981689453,304.59295654296875,0.7532019150173
GRSE.NS,2319.0,3084.941162109375,0.7517161197377096
CHAMBLFERT.NS,417.95001220703125,556.1841430664062,0.7514597771571665
TRITURBINE.NS,554.2000122070312,738.9365234375,0.7499967786528094
SBFC.NS,88.86000061035156,118.5,0.7498734228721651
HCLTECH.NS,1258.0,1679.9578857421875,0.7488282954451736
BANKBARODA.NS,235.25999450683594,314.2847900390625,0.7485567293205485
IEX.NS,112.69999694824219,150.55966186523438,0.7485404493609963
SUMICHEM.NS,446.3500061035156,600.3527221679688,0.7434796072743288
SHREECEM.NS,22520.0,30320.041015625,0.742743058572864
HDFCBANK.NS,735.5999755859375,993.0750732421875,0.740729472933354
SAMMAANCAP.NS,140.61000061035156,189.92999267578125,0.7403254147983828
MAZDOCK.NS,2199.60009765625,2973.09619140625,0.7398348240511712
HINDPETRO.NS,351.0,474.5992126464844,0.7395713912855773
IOC.NS,135.6999969482422,183.50033569335938,0.7395081673038758
TIINDIA.NS,2511.10009765625,3399.666015625,0.738631408531054
HBLENGINE.NS,806.0,1094.451171875,0.7364421736779457
GODREJPROP.NS,1700.0999755859375,2309.138427734375,0.7362486177383487
HUDCO.NS,173.99000549316406,236.38894653320312,0.7360327462211752
PFIZER.NS,4000.800048828125,5441.22216796875,0.7352759959664824
AFFLE.NS,1578.0,2146.699951171875,0.7350817701088482
HINDUNILVR.NS,1942.9000244140625,2644.697998046875,0.7346396548297407
GMDCLTD.NS,538.0,734.1640014648438,0.7328062924994324
ESCORTS.NS,2855.699951171875,3898.107421875,0.7325862635664042
ELECON.NS,458.25,625.9376831054688,0.7321016330674984
JUBLFOOD.NS,484.54998779296875,661.9175415039062,0.732039804674234
DIXON.NS,13390.0,18316.904296875,0.7310187236324881
AAVAS.NS,1267.699951171875,1736.4000244140625,0.7300736773484281
CESC.NS,139.86000061035156,191.62200927734375,0.7298744081527997
JSWCEMENT.NS,115.47000122070312,158.58164978027344,0.7281422622396433
IDBI.NS,84.4000015258789,116.01000213623047,0.727523489110603
BSE.NS,3191.5,4391.7294921875,0.7267068715587782
SOBHA.NS,1226.5999755859375,1694.2552490234375,0.7239759040398105
UCOBANK.NS,23.899999618530273,33.028480529785156,0.723617896892871
OLECTRA.NS,1207.199951171875,1670.15478515625,0.7228072283485607
RAMCOCEM.NS,867.5499877929688,1201.6207275390625,0.7219832081040448
BAYERCROP.NS,3717.60009765625,5167.97705078125,0.7193530584843165
COCHINSHIP.NS,1377.0,1915.8170166015625,0.7187534028915968
VOLTAS.NS,1118.199951171875,1556.41064453125,0.7184478949054267
BIKAJI.NS,573.9500122070312,799.7852172851562,0.7176301834576101
BAJAJHFL.NS,83.13999938964844,115.91999816894531,0.7172187776303938
JIOFIN.NS,227.0,316.6085510253906,0.7169736864807407
SONATSOFTW.NS,279.8999938964844,390.54815673828125,0.7166849697463923
PFC.NS,338.0,471.83026123046875,0.7163593092112029
DEVYANI.NS,135.02000427246094,188.89999389648438,0.714769765140653
APTUS.NS,244.60000610351562,342.8795471191406,0.7133700687563154
DCMSHRIRAM.NS,974.2999877929688,1366.1182861328125,0.7131885999059443
NUVOCO.NS,335.45001220703125,470.6000061035156,0.7128134463586129
IREDA.NS,113.22000122070312,158.96243286132812,0.712243762143923
DABUR.NS,385.6000061035156,542.7564086914062,0.7104476334663702
TORNTPOWER.NS,1254.5999755859375,1766.382080078125,0.7102653439115777
JKCEMENT.NS,5000.0,7041.29248046875,0.7100969053435972
ITI.NS,252.89999389648438,356.6499938964844,0.7090985510289597
BLUEDART.NS,4746.5,6694.0,0.7090678219300867
NLCINDIA.NS,262.54998779296875,370.55224609375,0.7085370296920112
EIHOTEL.NS,294.70001220703125,416.26104736328125,0.7079692276607359
FSL.NS,259.45001220703125,367.773193359375,0.7054619991117891
MARUTI.NS,12065.0,17120.0625,0.704728735657361
PINELABS.NS,176.57000732421875,250.88999938964844,0.7037745934623487
ERIS.NS,1258.9000244140625,1792.083251953125,0.7024785388971377
BDL.NS,1140.0,1625.2679443359375,0.70142280475838
GODREJCP.NS,880.0,1259.4141845703125,0.6987375644814091
MUTHOOTFIN.NS,2835.0,4057.392822265625,0.6987245564300457
NATCOPHARM.NS,839.2999877929688,1203.960205078125,0.6971160543786467
CHOLAHLDNG.NS,1400.5999755859375,2017.906982421875,0.6940854993746784
JPPOWER.NS,15.869999885559082,22.8700008392334,0.6939221383120441
LTTS.NS,3206.10009765625,4643.83544921875,0.6903991609340129
DALBHARAT.NS,1700.199951171875,2464.3359375,0.6899221511563397
GILLETTE.NS,7072.0,10250.7919921875,0.689897912804184
UPL.NS,550.0499877929688,797.6290893554688,0.6896062281748544
BBTC.NS,1435.199951171875,2083.070556640625,0.6889828799109076
SIGNATURE.NS,788.8499755859375,1146.5,0.6880505674539359
PARADEEP.NS,155.49000549316406,226.0001678466797,0.6880083628904635
HAVELLS.NS,1096.5,1601.8912353515625,0.6845034018550917
GODIGIT.NS,253.6999969482422,370.95001220703125,0.6839196349901977
NBCC.NS,82.86000061035156,121.67314910888672,0.6810048167340452
JMFINANCIL.NS,127.68000030517578,187.48912048339844,0.6809995160038176
CLEAN.NS,807.25,1187.15283203125,0.6799882695969093
UBL.NS,1251.300048828125,1842.4888916015625,0.6791357356518153
FORCEMOT.NS,17388.0,25702.876953125,0.6765001455561159
HDFCLIFE.NS,531.0,785.0021362304688,0.6764312802380753
VMM.NS,103.5,153.17999267578125,0.6756757079827438
SUZLON.NS,40.79999923706055,60.400001525878906,0.6754966590452722
INDIACEM.NS,323.1000061035156,478.54998779296875,0.6751645895836816
ICICIPRULI.NS,463.0,686.069091796875,0.6748591439782872
SAPPHIRE.NS,223.61000061035156,332.20001220703125,0.6731185803539194
PATANJALI.NS,403.95001220703125,601.5174560546875,0.6715516036001884
IGL.NS,144.9499969482422,215.97064208984375,0.6711560216964259
THERMAX.NS,3447.199951171875,5138.513671875,0.6708554596321665
UTIAMC.NS,901.8499755859375,1347.2552490234375,0.6693980047505077
ITC.NS,269.0,401.9940185546875,0.6691641854949767
MSUMI.NS,34.290000915527344,51.305328369140625,0.6683516509008889
WAAREEENER.NS,2495.0,3734.76953125,0.6680465766692013
AWL.NS,184.33999633789062,276.15740966796875,0.6675178354241061
CROMPTON.NS,218.60000610351562,331.1672058105469,0.6600895326229
TECHNOE.NS,1006.2000122070312,1528.6536865234375,0.6582262686949036
ZEEL.NS,76.87000274658203,117.1119613647461,0.6563804572205039
RAILTEL.NS,260.1499938964844,396.6805419921875,0.6558173803786119
HINDCOPPER.NS,494.6499938964844,755.9652099609375,0.6543290450125927
SBICARD.NS,611.2000122070312,934.675537109375,0.6539167742607872
JWL.NS,226.72999572753906,347.54998779296875,0.6523665765817818
AMBUJACEM.NS,383.79998779296875,588.68603515625,0.6519604082184486
WHIRLPOOL.NS,918.9000244140625,1412.453857421875,0.6505699422219096
TATACHEM.NS,643.75,989.9298706054688,0.6502985909560084
ITCHOTELS.NS,161.89999389648438,249.01730346679688,0.6501555981954947
ACC.NS,1236.4000244140625,1902.690673828125,0.6498166209678651
TCS.NS,2082.0,3204.281982421875,0.64975554942464
LTM.NS,4083.0,6322.2724609375,0.6458120913369417
EMAMILTD.NS,389.25,603.554931640625,0.6449288699239248
ABREL.NS,1230.9000244140625,1927.739501953125,0.6385198950205426
SJVN.NS,61.7599983215332,96.87440490722656,0.6375264795760937
INDIAMART.NS,1642.0999755859375,2580.092041015625,0.6364501535145013
PIIND.NS,2400.0,3800.591064453125,0.6314807247870381
IRCTC.NS,458.70001220703125,726.5194702148438,0.6313664409728567
WIPRO.NS,164.02000427246094,262.8060607910156,0.6241104325325673
NCC.NS,132.82000732421875,213.69137573242188,0.6215506211656014
TATAINVEST.NS,651.5999755859375,1052.571533203125,0.6190552898604678
HEXT.NS,496.70001220703125,803.5606689453125,0.6181238472746043
BLS.NS,224.25999450683594,367.8801574707031,0.6096006809627815
INFY.NS,1000.2000122070312,1654.00830078125,0.6047128129493663
IRFC.NS,79.94999694824219,132.23565673828125,0.6046024114848083
SWANCORP.NS,294.8500061035156,488.8585205078125,0.603139750529936
EIDPARRY.NS,704.75,1175.4000244140625,0.5995831081859286
BSOFT.NS,274.04998779296875,458.72540283203125,0.5974162017212638
LEMONTREE.NS,106.1500015258789,177.92999267578125,0.5965829590028832
POLICYBZR.NS,1166.0,1957.300048828125,0.5957185770766764
GALLANTT.NS,545.0999755859375,923.7021484375,0.5901252654960348
TTML.NS,34.439998626708984,58.790000915527344,0.5858138814488919
SWIGGY.NS,264.8500061035156,458.45001220703125,0.57770749056914
JKTYRE.NS,345.8500061035156,598.8743286132812,0.5775001358036934
IRCON.NS,105.94999694824219,184.3571319580078,0.5746997462098461
SYNGENE.NS,378.70001220703125,668.906982421875,0.5661474945827187
OLAELEC.NS,38.47999954223633,68.98999786376953,0.5577620051274752
TATAELXSI.NS,3186.89990234375,5749.88623046875,0.5542544277582938
AFCONS.NS,252.5,462.48773193359375,0.5459604278460195
GODFRYPHLP.NS,1970.4000244140625,3617.384521484375,0.5447029511823971
RVNL.NS,207.0,385.5339050292969,0.5369177582040936
INTELLECT.NS,633.0499877929688,1186.5703125,0.533512410620815
ABLBL.NS,78.72000122070312,148.3621826171875,0.5305934425609047
ABFRL.NS,49.13999938964844,93.4800033569336,0.525673915543389
ZENSARTECH.NS,434.8999938964844,834.4935302734375,0.5211544225561356
TARIL.NS,277.6499938964844,535.7642822265625,0.5182316236957963
BATAINDIA.NS,629.7999877929688,1215.8729248046875,0.5179817519944669
JAINREC.NS,286.8500061035156,571.5,0.5019247700848918
NEWGEN.NS,485.29998779296875,985.5170288085938,0.4924318642973173
LATENTVIEW.NS,243.75,502.1000061035156,0.48546105763190767
TRENT.NS,2669.300048828125,5520.841796875,0.48349511669380696
KAYNES.NS,3650.0,7593.0,0.48070591334123536
INOXWIND.NS,74.75,157.25,0.4753577106518283
KEC.NS,396.95001220703125,873.7232055664062,0.45432009780454613
MAPMYINDIA.NS,881.9000244140625,1943.495849609375,0.4537699550998868
COHANCE.NS,459.25,1019.7999877929688,0.45033340409613054
FIRSTCRY.NS,180.8300018310547,409.3500061035156,0.44174911233622105
RPOWER.NS,20.56999969482422,48.83000183105469,0.42125740166862335
TMPV.NS,290.45001220703125,713.5806274414062,0.4070318069710781
KPITTECH.NS,519.4000244140625,1287.569580078125,0.4033956940661391
VEDL.NS,266.3500061035156,787.5,0.3382222299727183
HEGAM.NS,244.35000610351562,739.25,0.33053771539197246
